insert into MEMBER (ID, cat1, cat2, cat3, cat4, cat5, cat6, CREATION_DATE, token, username) values(1, 3.5, 4.6, 7.8, 6.5, 2.1, 9.3, '2018-10-14', 'av18309b39', 'Czaro');
insert into MEMBER (ID, cat1, cat2, cat3, cat4, cat5, cat6, CREATION_DATE, token, username) values(2, 4.7, 4.6, 7.8, 6.5, 1.3, 3.7, '2018-10-14', '318934bakjaf', 'CzaroDrugi');
insert into MEMBER (ID, cat1, cat2, cat3, cat4, cat5, cat6, CREATION_DATE, token, username) values(3, 6.0, 4.6, 3.5, 4.6, 6.0, 10.0, '2018-10-14', 'bfkjdsbkfs95e', 'CzaroTrzeci');





insert into MOVIE  (ID, cat1, cat2, cat3, cat4, cat5, cat6, CREATION_DATE, NAME, production_year) values (1, 10.0, 3.0, 4.5, 5.0, 8.0, 6.0,'2018-10-14', 'Avatar', '2009');
insert into MOVIE  (ID, cat1, cat2, cat3, cat4, cat5, cat6, CREATION_DATE, NAME, production_year) values (2, 8.0, 4.0, 4.9, 7.0, 8.0, 6.0,'2018-10-14', 'Bohemian Rhapsody', '2018');
insert into MOVIE  (ID, cat1, cat2, cat3, cat4, cat5, cat6, CREATION_DATE, NAME, production_year) values (3, 8.0, 7.0, 6.1, 6.0, 8.0, 6.0,'2018-10-14', 'Cinderella', '1950');
insert into MOVIE  (ID, cat1, cat2, cat3, cat4, cat5, cat6, CREATION_DATE, NAME, production_year) values (4, 3.0, 7.0, 9.3, 6.0, 8.0, 6.0,'2018-10-14', 'Dune', '2021');
insert into MOVIE  (ID, cat1, cat2, cat3, cat4, cat5, cat6, CREATION_DATE, NAME, production_year) values (5, 10.0, 5.0, 6.3, 5.0, 7.0, 5.6,'2018-10-14', 'Eternals', '2009');
insert into MOVIE  (ID, cat1, cat2, cat3, cat4, cat5, cat6, CREATION_DATE, NAME, production_year) values (6, 7.0, 9.0, 4.4, 4.0, 8.0, 6.0,'2018-10-14', 'Fast and Furious', '2001');
insert into MOVIE  (ID, cat1, cat2, cat3, cat4, cat5, cat6, CREATION_DATE, NAME, production_year) values (7, 4.0, 10.0, 4.0, 8.0, 8.0, 8.0,'2018-10-14', 'Gravity', '2013');
insert into MOVIE  (ID, cat1, cat2, cat3, cat4, cat5, cat6, CREATION_DATE, NAME, production_year) values (8, 5.0, 7.8, 4.0, 10.0, 8.0, 3.0,'2018-10-14', 'Hunger games', '2012');

--insert into MEMBER 

insert into MOVIE_RATING  (ID, cat1, cat2, cat3, cat4, cat5, cat6, CREATION_DATE, MEMBER_ID, MOVIE_ID, SCORE) values (1, 10.0, 3.0, 4.5, 5.0, 8.0, 6.0,'2018-10-14', 1, 1, 0.6);
insert into MOVIE_RATING  (ID, cat1, cat2, cat3, cat4, cat5, cat6, CREATION_DATE, MEMBER_ID, MOVIE_ID, SCORE) values (2, 8.0, 4.0, 4.9, 7.0, 8.0, 6.0,'2018-10-14', 1, 2, 0.7);
insert into MOVIE_RATING  (ID, cat1, cat2, cat3, cat4, cat5, cat6, CREATION_DATE, MEMBER_ID, MOVIE_ID, SCORE) values (3, 8.0, 7.0, 6.1, 6.0, 8.0, 6.0,'2018-10-14', 1, 3, 0.4);
insert into MOVIE_RATING  (ID, cat1, cat2, cat3, cat4, cat5, cat6, CREATION_DATE, MEMBER_ID, MOVIE_ID, SCORE) values (4, 3.0, 7.0, 9.3, 6.0, 8.0, 6.0,'2018-10-14', 1, 4, 0.8);
insert into MOVIE_RATING  (ID, cat1, cat2, cat3, cat4, cat5, cat6, CREATION_DATE, MEMBER_ID, MOVIE_ID, SCORE) values (5, 10.0, 5.0, 6.3, 5.0, 7.0, 5.6,'2018-10-14', 1, 5, 0.9);
insert into MOVIE_RATING  (ID, cat1, cat2, cat3, cat4, cat5, cat6, CREATION_DATE, MEMBER_ID, MOVIE_ID, SCORE) values (6, 7.0, 9.0, 4.4, 4.0, 8.0, 6.0,'2018-10-14', 1, 6, 0.4);
insert into MOVIE_RATING  (ID, cat1, cat2, cat3, cat4, cat5, cat6, CREATION_DATE, MEMBER_ID, MOVIE_ID, SCORE) values (7, 4.0, 10.0, 4.0, 8.0, 8.0, 8.0,'2018-10-14', 1, 7, 1.0);
insert into MOVIE_RATING  (ID, cat1, cat2, cat3, cat4, cat5, cat6, CREATION_DATE, MEMBER_ID, MOVIE_ID, SCORE) values (8, 5.0, 7.8, 4.0, 10.0, 8.0, 3.0,'2018-10-14', 1, 8, 0.4);

insert into MOVIE_RATING  (ID, cat1, cat2, cat3, cat4, cat5, cat6, CREATION_DATE, MEMBER_ID, MOVIE_ID, SCORE) values (9, 10.0, 3.0, 4.5, 5.0, 8.0, 6.0,'2018-10-14', 2, 1, 0.3);
insert into MOVIE_RATING  (ID, cat1, cat2, cat3, cat4, cat5, cat6, CREATION_DATE, MEMBER_ID, MOVIE_ID, SCORE) values (10, 5.0, 7.8, 4.0, 10.0, 8.0, 3.0, '2018-10-14', 2, 2, 0.4);
insert into MOVIE_RATING  (ID, cat1, cat2, cat3, cat4, cat5, cat6, CREATION_DATE, MEMBER_ID, MOVIE_ID, SCORE) values (11, 8.0, 7.0, 6.1, 6.0, 8.0, 6.0,'2018-10-14', 2, 3, 0.5);
insert into MOVIE_RATING  (ID, cat1, cat2, cat3, cat4, cat5, cat6, CREATION_DATE, MEMBER_ID, MOVIE_ID, SCORE) values (12, 3.0, 7.0, 9.3, 6.0, 8.0, 6.0,'2018-10-14', 2, 4, 0.5);
insert into MOVIE_RATING  (ID, cat1, cat2, cat3, cat4, cat5, cat6, CREATION_DATE, MEMBER_ID, MOVIE_ID, SCORE) values (13, 10.0, 5.0, 6.3, 5.0, 7.0, 5.6,'2018-10-14',2, 5, 0.6);
insert into MOVIE_RATING  (ID, cat1, cat2, cat3, cat4, cat5, cat6, CREATION_DATE, MEMBER_ID, MOVIE_ID, SCORE) values (14, 10.0, 3.0, 4.5, 5.0, 8.0, 6.0,'2018-10-14', 2, 6, 0.7);
insert into MOVIE_RATING  (ID, cat1, cat2, cat3, cat4, cat5, cat6, CREATION_DATE, MEMBER_ID, MOVIE_ID, SCORE) values (15, 4.0, 10.0, 4.0, 8.0, 8.0, 8.0,'2018-10-14', 2, 7, 1.0);
insert into MOVIE_RATING  (ID, cat1, cat2, cat3, cat4, cat5, cat6, CREATION_DATE, MEMBER_ID, MOVIE_ID, SCORE) values (16, 5.0, 7.8, 4.0, 10.0, 8.0, 3.0,'2018-10-14', 2, 8, 0.4);

insert into MOVIE_RATING  (ID, cat1, cat2, cat3, cat4, cat5, cat6, CREATION_DATE, MEMBER_ID, MOVIE_ID, SCORE) values (17, 10.0, 3.0, 4.5, 5.0, 8.0, 6.0,'2018-10-14', 3, 1, 0.5);
insert into MOVIE_RATING  (ID, cat1, cat2, cat3, cat4, cat5, cat6, CREATION_DATE, MEMBER_ID, MOVIE_ID, SCORE) values (18, 8.0, 4.0, 4.9, 7.0, 8.0, 6.0,'2018-10-14', 3, 2, 0.5);
insert into MOVIE_RATING  (ID, cat1, cat2, cat3, cat4, cat5, cat6, CREATION_DATE, MEMBER_ID, MOVIE_ID, SCORE) values (19, 8.0, 7.0, 6.1, 6.0, 8.0, 6.0,'2018-10-14', 3, 3, 0.4);
insert into MOVIE_RATING  (ID, cat1, cat2, cat3, cat4, cat5, cat6, CREATION_DATE, MEMBER_ID, MOVIE_ID, SCORE) values (20, 3.0, 7.0, 9.3, 6.0, 8.0, 6.0,'2018-10-14', 3, 4, 0.4);
insert into MOVIE_RATING  (ID, cat1, cat2, cat3, cat4, cat5, cat6, CREATION_DATE, MEMBER_ID, MOVIE_ID, SCORE) values (21, 10.0, 5.0, 6.3, 5.0, 7.0, 5.6,'2018-10-14',3, 5, 0.6);
insert into MOVIE_RATING  (ID, cat1, cat2, cat3, cat4, cat5, cat6, CREATION_DATE, MEMBER_ID, MOVIE_ID, SCORE) values (22, 7.0, 9.0, 4.4, 4.0, 8.0, 6.0,'2018-10-14', 3, 6, 0.3);
insert into MOVIE_RATING  (ID, cat1, cat2, cat3, cat4, cat5, cat6, CREATION_DATE, MEMBER_ID, MOVIE_ID, SCORE) values (23, 4.0, 10.0, 4.0, 8.0, 8.0, 8.0,'2018-10-14', 3, 7, 1.0);
insert into MOVIE_RATING  (ID, cat1, cat2, cat3, cat4, cat5, cat6, CREATION_DATE, MEMBER_ID, MOVIE_ID, SCORE) values (24, 5.0, 7.8, 4.0, 10.0, 8.0, 3.0,'2018-10-14', 3, 8, 0.1);